DATE,NAME,PROD_PRESS,ACT_LIQ_VOL,ACT_OIL_VOL,ACT_WATER_VOL
12.02.2015,P1,1108.794067,0,0,0
12.03.2015,P1,1056.035767,1249.999968,1249.998291,0.001676978
12.03.2015,P1,1047.642822,1250.000001,1249.998047,0.001953947
12.06.2015,P1,1034.812622,1250.000049,1249.997681,0.002368664
12.08.2015,P1,1025.276001,1249.999986,1249.997314,0.002671397
12.10.2015,P1,1015.209656,1250.000057,1249.99707,0.002986422
12.13.2015,P1,1001.211792,1249.999999,1249.996582,0.003417211
12.18.2015,P1,980.2901001,1250.000018,1249.995972,0.004045848
12.24.2015,P1,954.2958374,1250.000042,1249.995239,0.004802453
01.01.2016,P1,922.0560913,1249.999968,1249.994263,0.005705117
01.02.2016,P1,930,1194.339473,1194.334229,0.00524454
01.03.2016,P1,930,1310.239749,1310.234009,0.005740378
01.06.2016,P1,930,1320.632734,1320.626953,0.005781161
01.10.2016,P1,930,1321.795699,1321.789917,0.005781515
01.15.2016,P1,930,1323.288497,1323.282715,0.005782014
01.21.2016,P1,930,1324.882491,1324.876709,0.005782138
01.27.2016,P1,930,1326.051435,1326.045654,0.005781115
02.02.2016,P1,930,1326.879924,1326.874146,0.00577875
02.09.2016,P1,930,2465.437897,2465.427002,0.010895006
02.14.2016,P1,930,2475.917676,2475.906006,0.011670235
02.17.2016,P1,930,2457.385302,2457.370361,0.014940321
02.21.2016,P1,930,2432.382314,2432.329834,0.052479886
02.25.2016,P1,930,2403.331251,2402.889893,0.44135794
02.28.2016,P1,930,2382.48853,2381.115967,1.372562766
03.02.2016,P1,930,2359.637371,2353.571533,6.065837383
03.06.2016,P1,930,2614.028259,2511.109863,102.918396
03.09.2016,P1,930,2593.591644,2191.056641,402.5350037
03.13.2016,P1,930,2588.443176,1738.852539,849.5906372
03.17.2016,P1,930,2598.269043,1393.033691,1205.235352
03.22.2016,P1,930,2610.813843,1216.669189,1394.144653
03.27.2016,P1,930,2621.600342,1146.450806,1475.149536
04.02.2016,P1,930,2630.096558,1122.987305,1507.109253
04.12.2016,P1,930,1183.076752,733.2471313,449.8296204
04.21.2016,P1,930,1135.382446,787.3920898,347.9903564
05.02.2016,P1,930,1138.367279,835.574585,302.7926941
05.16.2016,P1,930,1678.123016,1168.257813,509.8652039
05.24.2016,P1,930,1694.417297,1153.639893,540.7774048
06.02.2016,P1,930,1700.359985,1138.119995,562.2399902
06.17.2016,P1,930,1610.361267,1012.730957,597.6303101
07.02.2016,P1,930,1613.22522,986.2661743,626.9590454
07.17.2016,P1,930,1971.645447,1086.16626,885.479187
08.02.2016,P1,930,1989.345581,1058.386353,930.9592285
08.17.2016,P1,930,1956.053589,1033.249146,922.8044434
09.02.2016,P1,930,1957.991028,1027.437256,930.553772
10.02.2016,P1,930,1607.154358,1006.285217,600.8691406
11.02.2016,P1,930,1845.603394,1130.014404,715.5889893
12.02.2016,P1,930,1822.218689,1176.669434,645.5492554
01.02.2017,P1,930,1902.207581,1172.270508,729.9370728
02.02.2017,P1,930,1828.835938,1178.571655,650.2642822
03.02.2017,P1,930,1835.49707,1132.387207,703.1098633
04.02.2017,P1,930,1881.750671,1140.046997,741.7036743
05.02.2017,P1,930,2394.03479,1383.739014,1010.295776
06.02.2017,P1,930,2139.209045,1279.289185,859.9198608
07.02.2017,P1,930,1817.689331,1199.480347,618.2089844
08.02.2017,P1,930,1521.19342,1089.363037,431.8303833
09.02.2017,P1,930,1944.849609,1209.802246,735.0473633
09.17.2017,P1,930,1896.925781,1116.118896,780.8068848
10.02.2017,P1,930,1889.330688,1082.597412,806.7332764
11.02.2017,P1,930,1937.740662,1106.50061,831.2400513
12.02.2017,P1,930,2032.382385,1109.003418,923.3789673
01.02.2018,P1,930,1477.265442,868.4727783,608.7926636
02.02.2018,P1,930,1772.803711,920.4370117,852.3666992
03.02.2018,P1,930,1765.528748,809.9827881,955.5459595
04.02.2018,P1,930,1835.129089,820.2475586,1014.881531
05.02.2018,P1,930,1899.978455,811.3589478,1088.619507
06.02.2018,P1,930,1995.072693,822.4741821,1172.598511
07.02.2018,P1,930,1690.155396,718.2015991,971.9537964
08.02.2018,P1,930,2015.640625,752.7154541,1262.925171
09.02.2018,P1,930,1864.969788,669.5598755,1195.409912
10.02.2018,P1,930,2078.331177,671.4813232,1406.849854
11.02.2018,P1,930,1808.263794,586.4643555,1221.799438
12.02.2018,P1,930,2169.122253,620.2682495,1548.854004
01.02.2019,P1,930,2291.382202,602.8778076,1688.504395
02.02.2019,P1,930,2353.717041,582.5821533,1771.134888
03.02.2019,P1,930,2687.99823,635.3356323,2052.662598
04.02.2019,P1,930,2593.869812,592.6565552,2001.213257
05.02.2019,P1,930,2553.943298,559.5411987,1994.4021
06.02.2019,P1,930,2702.526672,548.5484009,2153.978271
07.02.2019,P1,930,2647.612488,513.6566772,2133.955811
08.02.2019,P1,930,2762.391418,479.9302368,2282.461182
09.02.2019,P1,930,2813.869659,473.2121887,2340.657471
10.02.2019,P1,930,2851.325531,463.730072,2387.595459
11.02.2019,P1,930,2712.703217,412.0171814,2300.686035
12.02.2019,P1,930,2792.104462,396.2997742,2395.804688
01.02.2020,P1,930,2642.323181,351.8969116,2290.42627
02.02.2020,P1,930,2515.564056,337.276947,2178.287109
03.02.2020,P1,930,2922.737152,363.9527283,2558.784424
04.02.2020,P1,930,2993.533325,354.7064209,2638.826904
05.02.2020,P1,930,3154.397827,353.9654541,2800.432373
06.02.2020,P1,930,1400.181335,216.2131958,1183.96814
07.02.2020,P1,930,2148.443909,278.4030151,1870.040894
08.02.2020,P1,930,2110.3965,250.1435699,1860.25293
09.02.2020,P1,930,1450.815063,226.6538086,1224.161255
09.17.2020,P1,930,1740.520905,230.8126526,1509.708252
10.02.2020,P1,930,1736.420227,207.7959595,1528.624268
10.17.2020,P1,930,2277.463898,250.7425842,2026.721313
11.02.2020,P1,930,2319.127823,246.6397858,2072.488037
12.02.2020,P1,930,2712.74173,289.035675,2423.706055
01.02.2021,P1,930,2671.312378,265.5716553,2405.740723
02.02.2021,P1,930,2157.534698,192.3683167,1965.166382
03.02.2021,P1,930,2104.478836,182.6913605,1921.787476
04.02.2021,P1,930,2373.446899,188.9788818,2184.468018
05.02.2021,P1,930,2320.678497,175.9004211,2144.778076
06.02.2021,P1,930,2120.451859,162.1530304,1958.298828
07.02.2021,P1,930,2116.088257,159.3868408,1956.701416
08.02.2021,P1,930,2303.225052,163.3686066,2139.856445
09.02.2021,P1,930,2444.59375,164.1298828,2280.463867
10.02.2021,P1,930,2339.790176,148.0929108,2191.697266
11.02.2021,P1,930,2152.011047,135.2749634,2016.736084
12.02.2021,P1,930,2410.054489,137.6526337,2272.401855
01.02.2022,P1,930,2488.736893,134.4698029,2354.26709
02.02.2022,P1,930,2221.325562,115.1756592,2106.149902
03.02.2022,P1,930,1651.077446,92.24321747,1558.834229
04.02.2022,P1,930,1576.271385,89.18764496,1487.08374
05.02.2022,P1,930,2314.02919,104.5111237,2209.518066
06.02.2022,P1,930,2479.710678,100.6555023,2379.055176
07.02.2022,P1,930,2553.586609,101.1027222,2452.483887
08.02.2022,P1,930,2675.315384,104.7138214,2570.601563
09.02.2022,P1,930,2816.080383,103.0283813,2713.052002
10.02.2022,P1,930,2761.161957,98.14877319,2663.013184
11.02.2022,P1,930,2439.49247,87.24320221,2352.249268
12.02.2022,P1,930,2503.222847,84.40937042,2418.813477
01.02.2023,P1,930,2590.504272,83.27893066,2507.225342
02.02.2023,P1,930,2305.298882,74.02202606,2231.276855
03.02.2023,P1,930,2181.403114,71.13431549,2110.268799
04.02.2023,P1,930,2418.05394,74.97972107,2343.074219
05.02.2023,P1,930,2422.230637,70.57194519,2351.658691
06.02.2023,P1,930,2528.290276,72.24388885,2456.046387
07.02.2023,P1,930,2532.757652,70.6543808,2462.103271
08.02.2023,P1,930,2513.056351,67.52168274,2445.534668
09.02.2023,P1,930,2321.380386,60.93312073,2260.447266
10.02.2023,P1,930,2818.628059,64.56189728,2754.066162
11.02.2023,P1,930,2823.457634,63.83605194,2759.621582
12.02.2023,P1,930,3148.464256,66.89540863,3081.568848
01.02.2024,P1,930,3341.576416,66.34521484,3275.231201
02.02.2024,P1,930,3361.573753,64.41750336,3297.15625
03.02.2024,P1,930,3460.763268,62.10164642,3398.661621
04.01.2024,P1,930,3829.396622,63.80897522,3765.587646
12.02.2015,P2,1108.794067,0,0,0
12.03.2015,P2,990.1454468,600.0000223,599.9989014,0.001120919
12.03.2015,P2,976.5099487,599.9999948,599.9986572,0.001337564
12.06.2015,P2,959.5133667,600.0000131,599.9984131,0.001600046
12.08.2015,P2,949.2857666,599.9999842,599.99823,0.001754174
12.10.2015,P2,939.3982544,600.0000087,599.9981079,0.00190074
12.13.2015,P2,926.0171509,600.0000205,599.9979248,0.002095677
12.18.2015,P2,906.1126709,599.9999984,599.9976196,0.002378795
12.24.2015,P2,881.3682861,599.9999732,599.9972534,0.002719815
01.01.2016,P2,850.6380005,600.0000145,599.9968872,0.003127332
01.02.2016,P2,860,593.8694336,593.8664551,0.002978474
01.03.2016,P2,860,630.6668798,630.6637573,0.003122445
01.06.2016,P2,860,642.637077,642.6339111,0.003165865
01.10.2016,P2,860,644.8853732,644.8822021,0.003171035
01.15.2016,P2,860,646.1386695,646.135498,0.003171405
01.21.2016,P2,860,647.5821513,647.5789795,0.003171831
01.27.2016,P2,860,648.9862658,648.9830933,0.003172555
02.02.2016,P2,860,650.4522702,650.4490967,0.003173535
02.09.2016,P2,860,814.2424359,814.2387085,0.003727395
02.14.2016,P2,860,837.5268629,837.5230713,0.003791605
02.17.2016,P2,860,849.9296029,849.9257813,0.003821669
02.21.2016,P2,860,861.7533604,861.7495117,0.003848708
02.25.2016,P2,860,873.888031,873.8841553,0.003875695
02.28.2016,P2,860,881.9153923,881.911499,0.003893267
03.02.2016,P2,860,890.3392997,890.3353882,0.003911515
03.06.2016,P2,860,951.1374248,951.1333618,0.004062956
03.09.2016,P2,860,973.7086377,973.7045288,0.004108861
03.13.2016,P2,860,988.6456127,988.6414795,0.004133176
03.17.2016,P2,860,997.8938517,997.8897095,0.004142198
03.22.2016,P2,860,1002.531422,1002.527283,0.004138845
03.27.2016,P2,860,1004.47538,1004.471252,0.004127309
04.02.2016,P2,860,1005.251672,1005.247559,0.004113443
04.12.2016,P2,860,680.1598495,680.1566772,0.003172257
04.21.2016,P2,860,653.57363,653.5705566,0.003073362
05.02.2016,P2,860,651.5224092,651.5193481,0.003061016
05.16.2016,P2,860,723.4104027,723.4071045,0.003298163
05.24.2016,P2,860,729.5760663,729.5727539,0.003312401
06.02.2016,P2,860,732.9431978,732.9398804,0.003317388
06.17.2016,P2,860,758.1933885,758.1900024,0.003386068
07.02.2016,P2,860,764.08048,764.0770874,0.003392559
07.17.2016,P2,860,837.0214129,837.0178223,0.003590682
08.02.2016,P2,860,843.987846,843.9842529,0.003593083
08.17.2016,P2,860,800.9108072,800.9073486,0.003458543
09.02.2016,P2,860,798.3925384,798.3890991,0.003439233
10.02.2016,P2,860,786.5930461,786.5896606,0.00338548
11.02.2016,P2,860,838.691678,838.6881714,0.003506598
12.02.2016,P2,860,803.2319073,803.2285156,0.003391709
01.02.2017,P2,860,793.6276167,793.6242676,0.003349091
02.02.2017,P2,860,818.856673,818.8532715,0.003401468
03.02.2017,P2,860,835.672192,835.6687622,0.003429812
04.02.2017,P2,860,840.7159502,840.7125244,0.003425784
05.02.2017,P2,860,923.2899131,923.2863159,0.003597141
06.02.2017,P2,860,865.115568,865.1121216,0.003446374
07.02.2017,P2,860,787.5523745,787.5491333,0.003241154
08.02.2017,P2,860,739.4931556,739.4900513,0.003104292
09.02.2017,P2,860,827.1747814,827.1714478,0.003333671
09.17.2017,P2,860,825.8298032,825.8264771,0.00332614
10.02.2017,P2,860,826.0748562,826.0715332,0.003322976
11.02.2017,P2,860,854.3034943,854.3001099,0.003384441
12.02.2017,P2,860,871.2872322,871.2838135,0.003418727
01.02.2018,P2,860,752.8680502,752.8649292,0.003121017
02.02.2018,P2,860,807.7513879,807.7481079,0.003279977
03.02.2018,P2,860,806.1166985,806.1134033,0.003295222
04.02.2018,P2,860,833.7496293,833.7462158,0.003413467
05.02.2018,P2,860,854.5905366,854.5869751,0.003561525
06.02.2018,P2,860,913.930564,913.9266357,0.003928277
07.02.2018,P2,860,857.670527,857.6664429,0.004084169
08.02.2018,P2,860,909.5660904,909.5611572,0.004933172
09.02.2018,P2,860,888.1526244,888.1466675,0.005956879
10.02.2018,P2,860,920.7130591,920.7046509,0.008408243
11.02.2018,P2,860,871.714636,871.7029419,0.011694138
12.02.2018,P2,860,938.7626478,938.7418823,0.02076548
01.02.2019,P2,860,979.4354146,979.3951416,0.040273029
02.02.2019,P2,860,1010.481127,1010.401367,0.079759471
03.02.2019,P2,860,1104.406612,1104.213623,0.19298932
04.02.2019,P2,860,1065.3505,1064.931885,0.418615699
05.02.2019,P2,860,1034.509307,1033.679443,0.829863906
06.02.2019,P2,860,1040.95898,1038.886353,2.072627306
07.02.2019,P2,860,1017.518276,1013.10321,4.415065289
08.02.2019,P2,860,993.2551422,984.1138306,9.141311646
09.02.2019,P2,860,1019.436869,1001.452454,17.98441505
10.02.2019,P2,860,1009.025383,977.9538574,31.07152557
11.02.2019,P2,860,960.7402992,912.6228638,48.11743546
12.02.2019,P2,860,932.2535095,862.5275879,69.72592163
01.02.2020,P2,860,834.8338623,748.0383301,86.79553223
02.02.2020,P2,860,783.0051651,676.1842041,106.820961
03.02.2020,P2,860,852.7942047,703.3178101,149.4763947
04.02.2020,P2,860,831.7446136,650.6676025,181.0770111
05.02.2020,P2,860,826.1069641,609.9874878,216.1194763
06.02.2020,P2,860,605.5476379,432.5965881,172.9510498
07.02.2020,P2,860,675.9047089,458.1673584,217.7373505
08.02.2020,P2,860,663.8592834,427.1526489,236.7066345
09.02.2020,P2,860,518.9579315,323.2932739,195.6646576
09.17.2020,P2,860,541.1584625,329.1680298,211.9904327
10.02.2020,P2,860,538.8796997,320.468811,218.4108887
10.17.2020,P2,860,632.5291748,364.8156433,267.7135315
11.02.2020,P2,860,639.5671692,359.05896,280.5082092
12.02.2020,P2,860,759.798645,392.9144287,366.8842163
01.02.2021,P2,860,699.3021545,340.9359741,358.3661804
02.02.2021,P2,860,643.4115295,300.3197327,343.0917969
03.02.2021,P2,860,636.5918274,283.8635254,352.728302
04.02.2021,P2,860,635.2154846,271.9671631,363.2483215
05.02.2021,P2,860,640.8310852,260.8356628,379.9954224
06.02.2021,P2,860,551.4081573,216.8404694,334.567688
07.02.2021,P2,860,519.5083008,196.7333069,322.7749939
08.02.2021,P2,860,529.047287,192.5441742,336.5031128
09.02.2021,P2,860,579.9311676,199.3774567,380.5537109
10.02.2021,P2,860,565.2796173,186.5916901,378.6879272
11.02.2021,P2,860,534.212616,167.4478455,366.7647705
12.02.2021,P2,860,566.3479919,170.1682739,396.179718
01.02.2022,P2,860,623.7681122,175.1782684,448.5898438
02.02.2022,P2,860,569.6708832,154.36586,415.3050232
03.02.2022,P2,860,523.0324097,132.8182983,390.2141113
04.02.2022,P2,860,483.8514175,116.2956009,367.5558167
05.02.2022,P2,860,563.9754639,135.1552429,428.8202209
06.02.2022,P2,860,601.0545044,140.7008057,460.3536987
07.02.2022,P2,860,595.5154572,136.0848236,459.4306335
08.02.2022,P2,860,642.6421051,138.3803253,504.2617798
09.02.2022,P2,860,653.888443,136.1446686,517.7437744
10.02.2022,P2,860,623.8433075,126.9434052,496.8999023
11.02.2022,P2,860,577.5174789,113.3109055,464.2065735
12.02.2022,P2,860,607.6966248,113.5934753,494.1031494
01.02.2023,P2,860,625.1679993,111.7476501,513.4203491
02.02.2023,P2,860,607.1198044,102.1353378,504.9844666
03.02.2023,P2,860,597.713028,94.36369324,503.3493347
04.02.2023,P2,860,617.4463882,93.30338287,524.1430054
05.02.2023,P2,860,633.2554932,91.88220215,541.373291
06.02.2023,P2,860,628.761528,88.4328537,540.3286743
07.02.2023,P2,860,661.9038544,87.16239929,574.7414551
08.02.2023,P2,860,683.6811371,84.373703,599.3074341
09.02.2023,P2,860,663.3392792,77.53910828,585.8001709
10.02.2023,P2,860,736.4001083,84.83168793,651.5684204
11.02.2023,P2,860,722.4263535,81.3686142,641.0577393
12.02.2023,P2,860,739.4209824,83.19326019,656.2277222
01.02.2024,P2,860,752.436058,84.36135101,668.074707
02.02.2024,P2,860,710.3243256,80.65550232,629.6688232
03.02.2024,P2,860,679.7512741,79.46630096,600.2849731
04.01.2024,P2,860,764.8559875,85.89328003,678.9627075
12.02.2015,P3,1108.794067,0,0,0
12.03.2015,P3,1025.562866,579.9999943,579.9994507,0.000543641
12.03.2015,P3,1029.18103,579.9999946,579.9995117,0.000482911
12.06.2015,P3,1025.102173,579.999998,579.9994507,0.000547326
12.08.2015,P3,1017.567261,579.9999966,579.9993286,0.000668021
12.10.2015,P3,1008.112549,580.0000244,579.9992065,0.000817881
12.13.2015,P3,994.4006348,579.9999939,579.9989624,0.001031525
12.18.2015,P3,973.7327881,580.0000026,579.9986572,0.001345329
12.24.2015,P3,948.0101929,580.0000136,579.998291,0.001722613
01.01.2016,P3,916.0945435,579.9999742,579.9978027,0.002171417
01.02.2016,P3,920,512.5061472,512.5042114,0.001935799
01.03.2016,P3,920,487.1152962,487.1134338,0.001862336
01.06.2016,P3,920,477.103089,477.1012573,0.001831707
01.10.2016,P3,920,476.0956077,476.0937805,0.001827181
01.15.2016,P3,920,477.1390963,477.1372681,0.001828255
01.21.2016,P3,920,478.6964411,478.6946106,0.001830514
01.27.2016,P3,920,480.1523148,480.1504822,0.001832658
02.02.2016,P3,920,481.6282081,481.6263733,0.00183485
02.09.2016,P3,920,498.2802303,498.2783508,0.001879478
02.14.2016,P3,920,504.5248751,504.5229797,0.001895328
02.17.2016,P3,920,508.7532483,508.7513428,0.001905518
02.21.2016,P3,920,513.1798946,513.1779785,0.001916055
02.25.2016,P3,920,518.325842,518.3239136,0.00192843
02.28.2016,P3,920,522.0555263,522.0535889,0.001937468
03.02.2016,P3,920,526.3920237,526.3900757,0.001948061
03.06.2016,P3,920,482.9415531,482.9397278,0.001825307
03.09.2016,P3,920,485.2518612,485.2500305,0.001830686
03.13.2016,P3,920,495.3117639,495.309906,0.001857853
03.17.2016,P3,920,503.7679017,503.7660217,0.001879942
03.22.2016,P3,920,509.1146859,509.112793,0.001892905
03.27.2016,P3,920,512.4383623,512.4364624,0.00189987
04.02.2016,P3,920,514.6825679,514.6806641,0.001903823
04.12.2016,P3,920,565.9245179,565.9224854,0.002032534
04.21.2016,P3,920,565.8821542,565.880127,0.002027248
05.02.2016,P3,920,567.5374263,567.5354004,0.002025862
05.16.2016,P3,920,524.1337441,524.1318359,0.001908185
05.24.2016,P3,920,525.7864551,525.7845459,0.001909224
06.02.2016,P3,920,529.7239011,529.7219849,0.001916213
06.17.2016,P3,920,484.8112389,484.8094482,0.001790663
07.02.2016,P3,920,488.317226,488.3154297,0.001796286
07.17.2016,P3,920,491.2775876,491.2757874,0.001800253
08.02.2016,P3,920,496.4422704,496.4404602,0.001810145
08.17.2016,P3,920,516.6166054,516.6147461,0.001859303
09.02.2016,P3,920,518.8421925,518.840332,0.001860463
10.02.2016,P3,920,621.7550196,621.7529297,0.00208988
11.02.2016,P3,920,697.071368,697.0691528,0.002215211
12.02.2016,P3,920,736.6795015,736.6772461,0.002255359
01.02.2017,P3,920,737.0887786,737.0865479,0.002230745
02.02.2017,P3,920,750.3211384,750.3189087,0.002229754
03.02.2017,P3,920,716.0974447,716.0952759,0.002168825
04.02.2017,P3,920,776.4210232,776.4187622,0.002261023
05.02.2017,P3,920,893.7694484,893.7669678,0.002480648
06.02.2017,P3,920,838.7546526,838.75177,0.002882579
07.02.2017,P3,920,865.0747574,865.0702515,0.004505983
08.02.2017,P3,920,854.4679773,854.458313,0.009664289
09.02.2017,P3,920,830.080652,830.0557251,0.02492694
09.17.2017,P3,920,757.8412313,757.809082,0.032149289
10.02.2017,P3,920,755.5253952,755.4793701,0.046025131
11.02.2017,P3,920,793.0594374,792.9008179,0.158619493
12.02.2017,P3,920,863.6676196,863.0818481,0.585771441
01.02.2018,P3,920,754.5854076,753.1973877,1.388019919
02.02.2018,P3,920,713.9097962,709.8760376,4.03375864
03.02.2018,P3,920,645.3894911,637.328064,8.061427116
04.02.2018,P3,920,689.1044636,669.4299316,19.67453194
05.02.2018,P3,920,697.2245865,659.7854004,37.4391861
06.02.2018,P3,920,825.5962296,756.9404297,68.65579987
07.02.2018,P3,920,818.116394,726.5509033,91.56549072
08.02.2018,P3,920,792.2072067,677.2409668,114.9662399
09.02.2018,P3,920,784.9120789,647.9888916,136.9231873
10.02.2018,P3,920,745.2154388,591.1010132,154.1144257
11.02.2018,P3,920,722.247879,549.9906616,172.2572174
12.02.2018,P3,920,717.7797852,524.4418335,193.3379517
01.02.2019,P3,920,719.0028992,507.5186768,211.4842224
02.02.2019,P3,920,673.780365,453.1759644,220.6044006
03.02.2019,P3,920,861.5849609,581.9638672,279.6210938
04.02.2019,P3,920,826.400177,546.4499512,279.9502258
05.02.2019,P3,920,787.0671997,502.907135,284.1600647
06.02.2019,P3,920,753.2107849,457.1229858,296.0877991
07.02.2019,P3,920,738.7922058,424.1728821,314.6193237
08.02.2019,P3,920,695.2553406,385.2593079,309.9960327
09.02.2019,P3,920,687.7028503,359.8722534,327.8305969
10.02.2019,P3,920,714.4036865,360.6308594,353.7728271
11.02.2019,P3,920,621.5751953,310.5280457,311.0471497
12.02.2019,P3,920,586.5021362,288.0748901,298.4272461
01.02.2020,P3,920,517.3228912,248.0791473,269.2437439
02.02.2020,P3,920,529.4087372,244.0771332,285.331604
03.02.2020,P3,920,570.7839813,255.8323822,314.9515991
04.02.2020,P3,920,546.4975433,234.8090668,311.6884766
05.02.2020,P3,920,576.7612,238.9243774,337.8368225
06.02.2020,P3,920,523.2586823,211.1263275,312.1323547
07.02.2020,P3,920,570.510376,217.1056213,353.4047546
08.02.2020,P3,920,531.193222,194.7005768,336.4926453
09.02.2020,P3,920,506.3320923,154.5919189,351.7401733
09.17.2020,P3,920,476.6362305,144.6378784,331.9983521
10.02.2020,P3,920,473.329834,141.2597351,332.0700989
10.17.2020,P3,920,634.6906738,183.1416016,451.5490723
11.02.2020,P3,920,651.7093811,183.1347656,468.5746155
12.02.2020,P3,920,897.0332947,231.6933289,665.3399658
01.02.2021,P3,920,841.7529449,201.8807526,639.8721924
02.02.2021,P3,920,579.0127563,135.3468933,443.665863
03.02.2021,P3,920,555.3865509,123.1867828,432.1997681
04.02.2021,P3,920,551.5357666,114.4223633,437.1134033
05.02.2021,P3,920,570.2368011,111.8718719,458.3649292
06.02.2021,P3,920,593.8923721,109.5942459,484.2981262
07.02.2021,P3,920,610.9534302,104.0940857,506.8593445
08.02.2021,P3,920,659.0003052,101.9216919,557.0786133
09.02.2021,P3,920,733.5826721,103.256134,630.3265381
10.02.2021,P3,920,706.5587997,92.86397552,613.6948242
11.02.2021,P3,920,712.4058456,86.08535004,626.3204956
12.02.2021,P3,920,708.9208908,77.71977997,631.2011108
01.02.2022,P3,920,757.3475952,77.01489258,680.3327026
02.02.2022,P3,920,608.138134,56.35334396,551.78479
03.02.2022,P3,920,533.500618,46.11215973,487.3884583
04.02.2022,P3,920,525.3392792,41.57911682,483.7601624
05.02.2022,P3,920,527.6394386,38.85626602,488.7831726
06.02.2022,P3,920,535.89645,37.2517662,498.6446838
07.02.2022,P3,920,564.5132141,36.75216675,527.7610474
08.02.2022,P3,920,608.6637421,36.37339783,572.2903442
09.02.2022,P3,920,602.9282532,34.18240356,568.7458496
10.02.2022,P3,920,612.7939262,33.28416061,579.5097656
11.02.2022,P3,920,587.4985695,30.62308121,556.8754883
12.02.2022,P3,920,571.0382442,29.12607384,541.9121704
01.02.2023,P3,920,575.8098202,28.07953453,547.7302856
02.02.2023,P3,920,557.3055954,27.99718475,529.3084106
03.02.2023,P3,920,604.3966064,31.68920898,572.7073975
04.02.2023,P3,920,644.0655594,33.14350128,610.9220581
05.02.2023,P3,920,621.9714088,32.71323013,589.2581787
06.02.2023,P3,920,678.9688759,34.41937637,644.5494995
07.02.2023,P3,920,696.2199287,34.37465286,661.8452759
08.02.2023,P3,920,671.5620537,31.94468307,639.6173706
09.02.2023,P3,920,628.4554882,29.06559563,599.3898926
10.02.2023,P3,920,611.0518475,27.07491875,583.9769287
11.02.2023,P3,920,646.1049614,27.02732468,619.0776367
12.02.2023,P3,920,697.367445,27.43934441,669.9281006
01.02.2024,P3,920,751.9800987,28.37939072,723.600708
02.02.2024,P3,920,755.2020092,26.63084221,728.571167
03.02.2024,P3,920,747.7572746,24.80341721,722.9538574
04.01.2024,P3,920,785.1650982,23.77667046,761.3884277
12.02.2015,P4,1108.794067,0,0,0
12.03.2015,P4,1054.80957,1000.000025,999.9987183,0.001306538
12.03.2015,P4,1047.093994,999.9999855,999.9984741,0.001511345
12.06.2015,P4,1034.351318,1000.000013,999.9981689,0.001843755
12.08.2015,P4,1024.740112,1000.000015,999.9979248,0.002090167
12.10.2015,P4,1014.62323,1000.000026,999.9976807,0.002345833
12.13.2015,P4,1000.581848,1000.000009,999.9973145,0.002694634
12.18.2015,P4,979.6138916,1000.000029,999.9968262,0.003202912
12.24.2015,P4,953.5613403,1000.00003,999.9962158,0.003814264
01.01.2016,P4,921.2613525,1000.000026,999.9954834,0.004542771
01.02.2016,P4,915,1307.987269,1307.981201,0.006067439
01.03.2016,P4,915,1342.16503,1342.158813,0.006216596
01.06.2016,P4,915,1348.966202,1348.959961,0.006241048
01.10.2016,P4,915,1346.289669,1346.283447,0.006222122
01.15.2016,P4,915,1341.863127,1341.856934,0.006193654
01.21.2016,P4,915,1337.034727,1337.028564,0.006162381
01.27.2016,P4,915,1332.928377,1332.922241,0.006135458
02.02.2016,P4,915,1329.092536,1329.086426,0.006110026
02.09.2016,P4,915,1630.917197,1630.90979,0.007407211
02.14.2016,P4,915,1665.57627,1665.568726,0.007543935
02.17.2016,P4,915,1677.227919,1677.220337,0.007582452
02.21.2016,P4,915,1686.599774,1686.592163,0.007610575
02.25.2016,P4,915,1696.784131,1696.776489,0.007642194
02.28.2016,P4,915,1704.048925,1704.04126,0.007665718
03.02.2016,P4,915,1712.249637,1712.241943,0.007693291
03.06.2016,P4,915,1652.07481,1652.067383,0.007427129
03.09.2016,P4,915,1666.219272,1666.211792,0.007480199
03.13.2016,P4,915,1684.790026,1684.782471,0.00755488
03.17.2016,P4,915,1696.144084,1696.136475,0.007609209
03.22.2016,P4,915,1698.607033,1698.599365,0.007667657
03.27.2016,P4,915,1694.416222,1694.408325,0.007896486
04.02.2016,P4,915,1687.30346,1687.2948,0.008659833
04.12.2016,P4,915,1338.177323,1338.161865,0.015458126
04.21.2016,P4,915,1289.668813,1289.624268,0.044545237
05.02.2016,P4,915,1272.762174,1272.542358,0.219815761
05.16.2016,P4,915,1072.519141,1070.457031,2.062109947
05.24.2016,P4,915,1055.594234,1049.325806,6.268428802
06.02.2016,P4,915,1044.990898,1028.783081,16.20781708
06.17.2016,P4,915,1078.556633,1023.475342,55.0812912
07.02.2016,P4,915,1063.053078,955.6779785,107.3750992
07.17.2016,P4,915,1087.759979,923.6276245,164.1323547
08.02.2016,P4,915,1084.40448,879.71875,204.68573
08.17.2016,P4,915,1031.88974,810.4856567,221.4040833
09.02.2016,P4,915,1025.582657,789.3846436,236.1980133
10.02.2016,P4,915,1271.379456,986.857605,284.5218506
11.02.2016,P4,915,1455.346069,1148.908691,306.4373779
12.02.2016,P4,915,1393.754944,1118.698608,275.0563354
01.02.2017,P4,915,1382.597961,1111.162109,271.4358521
02.02.2017,P4,915,1464.345764,1152.028931,312.3168335
03.02.2017,P4,915,1446.207581,1133.669189,312.5383911
04.02.2017,P4,915,1549.347107,1220.084473,329.2626343
05.02.2017,P4,915,1708.307343,1330.174194,378.1331482
06.02.2017,P4,915,1514.344238,1186.216309,328.1279297
07.02.2017,P4,915,1479.21698,1162.303711,316.913269
08.02.2017,P4,915,1462.281372,1152.111694,310.1696777
09.02.2017,P4,915,1471.089783,1151.613403,319.4763794
09.17.2017,P4,915,1367.976074,1061.510376,306.4656982
10.02.2017,P4,915,1359.758057,1045.848511,313.9095459
11.02.2017,P4,915,1429.110474,1074.367554,354.7429199
12.02.2017,P4,915,1533.417145,1172.825073,360.5920715
01.02.2018,P4,915,1305.20578,997.571228,307.634552
02.02.2018,P4,915,1288.877625,974.5671997,314.3104248
03.02.2018,P4,915,1238.771545,933.9623413,304.8092041
04.02.2018,P4,915,1335.204803,1017.798035,317.4067688
05.02.2018,P4,915,1419.652191,1074.355103,345.2970886
06.02.2018,P4,915,1803.575287,1369.177368,434.3979187
07.02.2018,P4,915,1796.047058,1361.932129,434.1149292
08.02.2018,P4,915,1775.18045,1317.519043,457.6614075
09.02.2018,P4,915,1777.055145,1294.802368,482.2527771
10.02.2018,P4,915,1715.36554,1202.591187,512.774353
11.02.2018,P4,915,1660.446411,1120.479126,539.9672852
12.02.2018,P4,915,1675.138184,1094.267944,580.8702393
01.02.2019,P4,915,1740.07019,1085.85498,654.21521
02.02.2019,P4,915,1704.575439,1012.753845,691.8215942
03.02.2019,P4,915,2171.110901,1220.206055,950.9048462
04.02.2019,P4,915,2056.444397,1091.6427,964.8016968
05.02.2019,P4,915,1972.397888,974.4058838,997.9920044
06.02.2019,P4,915,1912.612549,886.2689209,1026.343628
07.02.2019,P4,915,1870.347534,843.6850586,1026.662476
08.02.2019,P4,915,1781.386841,780.9803467,1000.406494
09.02.2019,P4,915,1904.211609,781.8619995,1122.349609
10.02.2019,P4,915,2035.329346,769.9078369,1265.421509
11.02.2019,P4,915,1929.034607,679.9793091,1249.055298
12.02.2019,P4,915,1878.984131,622.9825439,1256.001587
01.02.2020,P4,915,1608.265747,523.3588867,1084.90686
02.02.2020,P4,915,1630.352661,495.6126709,1134.73999
03.02.2020,P4,915,1864.633301,539.4934082,1325.139893
04.02.2020,P4,915,1797.164276,496.9872742,1300.177002
05.02.2020,P4,915,1881.924255,489.8825073,1392.041748
06.02.2020,P4,915,1692.683624,421.8979797,1270.785645
07.02.2020,P4,915,1804.768005,422.0990601,1382.668945
08.02.2020,P4,915,1779.245728,391.4625244,1387.783203
09.02.2020,P4,915,1164.094421,283.9216309,880.1727905
09.17.2020,P4,915,1328.532806,308.297699,1020.235107
10.02.2020,P4,915,1335.089813,302.7192078,1032.370605
10.17.2020,P4,915,1725.085999,384.824646,1340.261353
11.02.2020,P4,915,1774.074524,390.4065552,1383.667969
12.02.2020,P4,915,2609.394073,502.8262024,2106.567871
01.02.2021,P4,915,2399.954712,411.3288574,1988.625854
02.02.2021,P4,915,1927.038116,321.5111389,1605.526978
03.02.2021,P4,915,1831.401947,298.3455505,1533.056396
04.02.2021,P4,915,1657.956696,271.3482971,1386.608398
05.02.2021,P4,915,1779.668793,282.2142029,1497.45459
06.02.2021,P4,915,1597.056885,244.253418,1352.803467
07.02.2021,P4,915,1536.425873,229.9787292,1306.447144
08.02.2021,P4,915,1585.687698,231.4264679,1354.26123
09.02.2021,P4,915,1860.479828,257.891571,1602.588257
10.02.2021,P4,915,1765.581299,239.9378662,1525.643433
11.02.2021,P4,915,1808.614655,232.122467,1576.492188
12.02.2021,P4,915,1829.52092,216.3297577,1613.191162
01.02.2022,P4,915,2145.802109,219.2554779,1926.546631
02.02.2022,P4,915,1746.048447,162.543808,1583.504639
03.02.2022,P4,915,1608.848831,142.1160431,1466.732788
04.02.2022,P4,915,1513.43,123.9702835,1389.459717
05.02.2022,P4,915,1545.912491,125.0999908,1420.8125
06.02.2022,P4,915,1644.579132,129.3460999,1515.233032
07.02.2022,P4,915,1711.917992,124.1205063,1587.797485
08.02.2022,P4,915,1888.436569,129.1018524,1759.334717
09.02.2022,P4,915,1881.893501,124.1601028,1757.733398
10.02.2022,P4,915,1830.800705,118.7784882,1712.022217
11.02.2022,P4,915,1702.729599,111.4399261,1591.289673
12.02.2022,P4,915,1795.802589,111.3937759,1684.408813
01.02.2023,P4,915,1843.071083,107.4703751,1735.600708
02.02.2023,P4,915,1895.752502,105.5125122,1790.23999
03.02.2023,P4,915,2018.241501,112.1736298,1906.067871
04.02.2023,P4,915,2087.685043,111.5779877,1976.107056
05.02.2023,P4,915,2160.161362,107.7961273,2052.365234
06.02.2023,P4,915,2183.016891,105.0176239,2077.999268
07.02.2023,P4,915,2391.450302,103.7195892,2287.730713
08.02.2023,P4,915,2393.59803,95.36487579,2298.233154
09.02.2023,P4,915,2300.610878,86.01004791,2214.60083
10.02.2023,P4,915,2369.130074,81.2848587,2287.845215
11.02.2023,P4,915,2365.25515,76.83083344,2288.424316
12.02.2023,P4,915,2444.385414,74.59610748,2369.789307
01.02.2024,P4,915,2566.384109,75.29890442,2491.085205
02.02.2024,P4,915,2417.939041,66.11750793,2351.821533
03.02.2024,P4,915,2232.538601,59.64455795,2172.894043
04.01.2024,P4,915,2439.201073,60.3844223,2378.81665
